Name,Slug,Collection ID,Locale ID,Item ID,Archived,Draft,Created On,Updated On,Published On,Description,Logo,Link,Link Text
AFI Development,afi-development,65ac81e880bb60bad2ca280c,65ac805b2ac454468c44bf35,66a8cd10b8298d23b4c9e7ed,false,false,Tue Jul 30 2024 11:22:56 GMT+0000 (Coordinated Universal Time),Tue Jul 30 2024 11:22:56 GMT+0000 (Coordinated Universal Time),Tue Jul 30 2024 12:40:05 GMT+0000 (Coordinated Universal Time),,https://uploads-ssl.webflow.com/65ac805b2ac454468c44bf36/66a8cce7612d9ef35c3bf51c_%D0%B0%D1%84%D0%B8.png,https://afi-development.com/,
COLDY,coldy,65ac81e880bb60bad2ca280c,65ac805b2ac454468c44bf35,679208b8dcd65126a2cc6abb,false,false,Thu Jan 23 2025 09:15:36 GMT+0000 (Coordinated Universal Time),Thu Jan 23 2025 09:15:36 GMT+0000 (Coordinated Universal Time),Fri Jan 24 2025 06:59:08 GMT+0000 (Coordinated Universal Time),,https://cdn.prod.website-files.com/65ac805b2ac454468c44bf36/6792089e4e90449d2257e2be_3576132%201.webp,https://coldy.ru/,
DARS Development,dars-development,65ac81e880bb60bad2ca280c,65ac805b2ac454468c44bf35,685e70cb975f3301aaf1e9ce,false,false,Fri Jun 27 2025 10:22:03 GMT+0000 (Coordinated Universal Time),Fri Jun 27 2025 10:22:03 GMT+0000 (Coordinated Universal Time),Fri Jun 27 2025 10:22:03 GMT+0000 (Coordinated Universal Time),,https://cdn.prod.website-files.com/65ac805b2ac454468c44bf36/685e70a1e64fecc19e302a29_image%2046.webp,https://dars.ru/,
DEVISION,devision,65ac81e880bb60bad2ca280c,65ac805b2ac454468c44bf35,66ec2de5fe881c0982db0258,false,false,Thu Sep 19 2024 13:57:57 GMT+0000 (Coordinated Universal Time),Thu Sep 19 2024 13:57:57 GMT+0000 (Coordinated Universal Time),Tue Sep 24 2024 13:34:38 GMT+0000 (Coordinated Universal Time),,https://cdn.prod.website-files.com/65ac805b2ac454468c44bf36/66ec2dbc4831fa3b40140823_%D0%B4%D0%B5%D0%B2%D0%B8%D0%B6%D0%BD.png,https://devision.company/,
DOGMA,dogma,65ac81e880bb60bad2ca280c,65ac805b2ac454468c44bf35,6690efb5d08b733acd8ff9cf,false,false,Fri Jul 12 2024 08:56:21 GMT+0000 (Coordinated Universal Time),Fri Jul 12 2024 08:56:21 GMT+0000 (Coordinated Universal Time),Thu Jul 18 2024 09:16:48 GMT+0000 (Coordinated Universal Time),,https://uploads-ssl.webflow.com/65ac805b2ac454468c44bf36/6690ef89221e2842a5545bff_Instagram%20post%20-%202.png,https://dogma.ru/,
Est-a-Tet,est-a-tet,65ac81e880bb60bad2ca280c,65ac805b2ac454468c44bf35,690096cafac6286c56972124,false,false,Tue Oct 28 2025 10:11:22 GMT+0000 (Coordinated Universal Time),Tue Oct 28 2025 10:11:22 GMT+0000 (Coordinated Universal Time),Tue Oct 28 2025 10:11:22 GMT+0000 (Coordinated Universal Time),,https://cdn.prod.website-files.com/65ac805b2ac454468c44bf36/690096bc3b2779f60a80cff5_est-a-tet.webp,https://www.estatet.ru/,
GMK,gmk,65ac81e880bb60bad2ca280c,65ac805b2ac454468c44bf35,65c5a8f4e7868510533b271c,false,false,Fri Feb 09 2024 04:24:20 GMT+0000 (Coordinated Universal Time),Sun Feb 11 2024 18:43:36 GMT+0000 (Coordinated Universal Time),Tue May 28 2024 14:47:57 GMT+0000 (Coordinated Universal Time),Консалтинговое агентство ,https://uploads-ssl.webflow.com/65ac805b2ac454468c44bf36/65c9153f7393895d5f7b7dd7_gmk-prew.jpeg,https://gmk.ru/,
GloraX,glorax,65ac81e880bb60bad2ca280c,65ac805b2ac454468c44bf35,65bcd492c2a814421e1bf9ab,false,false,Fri Feb 02 2024 11:40:02 GMT+0000 (Coordinated Universal Time),Sun Feb 11 2024 18:45:38 GMT+0000 (Coordinated Universal Time),Tue May 28 2024 14:47:57 GMT+0000 (Coordinated Universal Time),,https://uploads-ssl.webflow.com/65ac805b2ac454468c44bf36/65c915cdf6d4ce0ad367373b_glorax-prew.jpeg,https://glorax.com/,
Housebook,housebook,65ac81e880bb60bad2ca280c,65ac805b2ac454468c44bf35,68a73dff6f6ca8bf1980c463,false,false,Thu Aug 21 2025 15:40:47 GMT+0000 (Coordinated Universal Time),Thu Aug 21 2025 15:40:47 GMT+0000 (Coordinated Universal Time),Thu Aug 21 2025 15:40:47 GMT+0000 (Coordinated Universal Time),,https://cdn.prod.website-files.com/65ac805b2ac454468c44bf36/68a73df50d2c391b42c6d9fa_image%2051.webp,https://ae.housebook.deals/,
Inspirator.travel,inspirator-travel,65ac81e880bb60bad2ca280c,65ac805b2ac454468c44bf35,67a33284b07ecda4c7d2ab0a,false,false,Wed Feb 05 2025 09:42:28 GMT+0000 (Coordinated Universal Time),Wed Feb 05 2025 09:42:40 GMT+0000 (Coordinated Universal Time),Thu Feb 06 2025 10:56:22 GMT+0000 (Coordinated Universal Time),,https://cdn.prod.website-files.com/65ac805b2ac454468c44bf36/67a331f3eaf86e47434a34a7_%D1%82%D1%80%D0%B0%D0%B2%D0%B5%D0%BB.webp,https://inspirator.travel,
LAR Development,lar-development,65ac81e880bb60bad2ca280c,65ac805b2ac454468c44bf35,67e51cbfaefe83a678dcd579,false,false,Thu Mar 27 2025 09:39:11 GMT+0000 (Coordinated Universal Time),Thu Mar 27 2025 09:39:11 GMT+0000 (Coordinated Universal Time),Fri Mar 28 2025 15:33:04 GMT+0000 (Coordinated Universal Time),,https://cdn.prod.website-files.com/65ac805b2ac454468c44bf36/67e51caa7919228b0c21addf_%D0%BB%D0%B0%D1%80.webp,https://lar-dev.ru/,
LEGENDA,legenda,65ac81e880bb60bad2ca280c,65ac805b2ac454468c44bf35,664f27166c44d9349c90c50e,false,false,Thu May 23 2024 11:23:02 GMT+0000 (Coordinated Universal Time),Thu May 23 2024 11:23:02 GMT+0000 (Coordinated Universal Time),Tue May 28 2024 14:47:57 GMT+0000 (Coordinated Universal Time),,https://uploads-ssl.webflow.com/65ac805b2ac454468c44bf36/664f22cff15931e2af78df0e_image%2057.png,https://legenda-dom.ru/,
MACRO,macro,65ac81e880bb60bad2ca280c,65ac805b2ac454468c44bf35,6746e715d454bd477130a15d,false,false,Wed Nov 27 2024 09:32:05 GMT+0000 (Coordinated Universal Time),Wed Nov 27 2024 09:37:25 GMT+0000 (Coordinated Universal Time),Wed Nov 27 2024 09:42:02 GMT+0000 (Coordinated Universal Time),,https://cdn.prod.website-files.com/65ac805b2ac454468c44bf36/6746e84be0378322e1e47d26_%D0%BB%D0%BE%D0%B3%D0%BE%D1%82%D0%B8%D0%BF.svg,,
OCTOBER GROUP,october-group,65ac81e880bb60bad2ca280c,65ac805b2ac454468c44bf35,68077895e0959164c6ac025c,false,false,Tue Apr 22 2025 11:08:05 GMT+0000 (Coordinated Universal Time),Fri Apr 25 2025 14:40:36 GMT+0000 (Coordinated Universal Time),Mon May 05 2025 10:34:22 GMT+0000 (Coordinated Universal Time),,https://cdn.prod.website-files.com/65ac805b2ac454468c44bf36/68077875f7666478b7782386_%D0%9E%D0%BA%D1%82%D1%8F%D0%B1%D1%80%D1%8C.webp,https://octobergroup.ru/,
One Moscow,one-moscow,65ac81e880bb60bad2ca280c,65ac805b2ac454468c44bf35,669e33780686bd66a50a72c5,false,false,Mon Jul 22 2024 10:24:56 GMT+0000 (Coordinated Universal Time),Mon Jul 22 2024 10:24:56 GMT+0000 (Coordinated Universal Time),Tue Jul 23 2024 13:23:51 GMT+0000 (Coordinated Universal Time),,https://uploads-ssl.webflow.com/65ac805b2ac454468c44bf36/669e3372ccbef858a160348a_one_moscow_logo%201.png,https://onemsk.ru/,
RBI,rbi,65ac81e880bb60bad2ca280c,65ac805b2ac454468c44bf35,6639c07362f96ee7e06adfbd,false,false,Tue May 07 2024 05:47:31 GMT+0000 (Coordinated Universal Time),Tue May 07 2024 05:47:31 GMT+0000 (Coordinated Universal Time),Tue May 28 2024 14:47:57 GMT+0000 (Coordinated Universal Time),,https://uploads-ssl.webflow.com/65ac805b2ac454468c44bf36/6639c04c488c9781928b804b_image%205.jpg,https://www.rbi.ru/,
RDI,rdi,65ac81e880bb60bad2ca280c,65ac805b2ac454468c44bf35,68f9e3141feb4056c2568b8a,false,false,Thu Oct 23 2025 08:11:00 GMT+0000 (Coordinated Universal Time),Thu Oct 23 2025 08:11:00 GMT+0000 (Coordinated Universal Time),Thu Oct 23 2025 08:11:00 GMT+0000 (Coordinated Universal Time),,https://cdn.prod.website-files.com/65ac805b2ac454468c44bf36/68f9e3071b3eb94c54d43507_%D1%80%D0%B4%D0%B0%D0%B9.png,https://www.rdi.ru/,
RedHead,redhead,65ac81e880bb60bad2ca280c,65ac805b2ac454468c44bf35,671a254b2e18521da8cf6531,false,false,Thu Oct 24 2024 10:45:31 GMT+0000 (Coordinated Universal Time),Thu Oct 24 2024 10:46:06 GMT+0000 (Coordinated Universal Time),Tue Oct 29 2024 12:09:42 GMT+0000 (Coordinated Universal Time),,https://cdn.prod.website-files.com/65ac805b2ac454468c44bf36/671a24cbb2112f46b082d148_logo%20(1)%201.webp,https://redhead.agency/,
Sminex,sminex,65ac81e880bb60bad2ca280c,65ac805b2ac454468c44bf35,66fe69b8227ba4ba9a5c83a6,false,false,Thu Oct 03 2024 09:54:00 GMT+0000 (Coordinated Universal Time),Thu Oct 03 2024 09:54:00 GMT+0000 (Coordinated Universal Time),Thu Oct 03 2024 12:40:50 GMT+0000 (Coordinated Universal Time),,https://cdn.prod.website-files.com/65ac805b2ac454468c44bf36/66fe6993dbb994c3cd49650e_%D1%81%D0%BC%D0%B0%D0%B9%D0%BD%D0%B5%D0%BA%D1%81.jpg,https://www.sminex.com/,
«АСПЭК-Домстрой»,aspek-domstroy,65ac81e880bb60bad2ca280c,65ac805b2ac454468c44bf35,68de24d0d3f7dee8ed082728,false,false,Thu Oct 02 2025 07:08:00 GMT+0000 (Coordinated Universal Time),Thu Oct 02 2025 07:08:00 GMT+0000 (Coordinated Universal Time),Thu Oct 02 2025 07:08:00 GMT+0000 (Coordinated Universal Time),,https://cdn.prod.website-files.com/65ac805b2ac454468c44bf36/68de24b815cb3d8268706a10_%D0%B0%D1%81%D0%BF%D1%8D%D0%BA.webp,https://dom.aspec.ru/,
«Аякс»,ayaks,65ac81e880bb60bad2ca280c,65ac805b2ac454468c44bf35,66d07e5236dfec6f39396c3e,false,false,Thu Aug 29 2024 13:57:38 GMT+0000 (Coordinated Universal Time),Fri Aug 30 2024 09:48:45 GMT+0000 (Coordinated Universal Time),Fri Aug 30 2024 09:48:55 GMT+0000 (Coordinated Universal Time),,https://cdn.prod.website-files.com/65ac805b2ac454468c44bf36/66d1957441221980c2928882_ayax_prew.webp,https://www.ayax.ru/,
«Бест Новострой»,bestnovostroy,65ac81e880bb60bad2ca280c,65ac805b2ac454468c44bf35,6627873cd53c78e2220e2ace,false,false,Tue Apr 23 2024 10:02:36 GMT+0000 (Coordinated Universal Time),Tue Apr 23 2024 18:46:54 GMT+0000 (Coordinated Universal Time),Tue May 28 2024 14:47:57 GMT+0000 (Coordinated Universal Time),,https://uploads-ssl.webflow.com/65ac805b2ac454468c44bf36/66280218b44c97f8d370826b_best-prew.jpg,https://best-novostroy.ru/,
«Главстрой Санкт-Петербург»,glavstroy-sankt-peterburg,65ac81e880bb60bad2ca280c,65ac805b2ac454468c44bf35,691447eb19456cdb601def8c,false,false,Wed Nov 12 2025 08:40:11 GMT+0000 (Coordinated Universal Time),Wed Nov 12 2025 08:40:11 GMT+0000 (Coordinated Universal Time),Wed Nov 12 2025 08:40:11 GMT+0000 (Coordinated Universal Time),,https://cdn.prod.website-files.com/65ac805b2ac454468c44bf36/691447cc04d99110dac427b2_%D0%B3%D0%BB%D0%B0%D0%B2%D1%81%D1%82%D1%80%D0%BE%D0%B9.webp,https://glavstroy-spb.ru/,
«Девелопмент-Юг»,development-yug,65ac81e880bb60bad2ca280c,65ac805b2ac454468c44bf35,669675a79446f7acf7e7b0ba,false,false,Tue Jul 16 2024 13:29:11 GMT+0000 (Coordinated Universal Time),Tue Jul 16 2024 13:29:11 GMT+0000 (Coordinated Universal Time),Thu Jul 18 2024 09:16:48 GMT+0000 (Coordinated Universal Time),,https://uploads-ssl.webflow.com/65ac805b2ac454468c44bf36/6696758fe81526fe825ddf3a_%D1%8E%D0%B3.png,https://www.develug.ru/,
«Донстрой»,donstroy,65ac81e880bb60bad2ca280c,65ac805b2ac454468c44bf35,65f90fe9b1552a366b9d2858,false,false,Tue Mar 19 2024 04:09:13 GMT+0000 (Coordinated Universal Time),Tue Mar 19 2024 08:25:02 GMT+0000 (Coordinated Universal Time),Tue May 28 2024 14:47:57 GMT+0000 (Coordinated Universal Time),,https://uploads-ssl.webflow.com/65ac805b2ac454468c44bf36/65f94bc86a4c85ad63192cf4_donstroy-prew.jpg,https://donstroy.moscow/,
«Мангазея»,mangazeya,65ac81e880bb60bad2ca280c,65ac805b2ac454468c44bf35,67a33416b1b8080f8e399509,false,false,Wed Feb 05 2025 09:49:10 GMT+0000 (Coordinated Universal Time),Wed Feb 05 2025 09:49:10 GMT+0000 (Coordinated Universal Time),Thu Feb 06 2025 10:56:22 GMT+0000 (Coordinated Universal Time),,https://cdn.prod.website-files.com/65ac805b2ac454468c44bf36/67a333940657cfc4e666c454_%D0%BC%D0%B0%D0%BD%D0%B3%D0%B0%D0%B7%D0%B5%D1%8F.webp,https://xn--80aaijj0ai2m.xn--p1ai/,
«Петербургская Недвижимость»,peterburgskaya-nedvizhimost,65ac81e880bb60bad2ca280c,65ac805b2ac454468c44bf35,687dfa0c6b33d5b56c1818e3,false,false,Mon Jul 21 2025 08:27:56 GMT+0000 (Coordinated Universal Time),Mon Jul 21 2025 08:27:56 GMT+0000 (Coordinated Universal Time),Mon Jul 21 2025 08:27:56 GMT+0000 (Coordinated Universal Time),,https://cdn.prod.website-files.com/65ac805b2ac454468c44bf36/687df9e96b33d5b56c17fe02_image%2048.webp,https://pn.ru/,
ГК «А101»,a101,65ac81e880bb60bad2ca280c,65ac805b2ac454468c44bf35,66f28981ea341a1798956536,false,false,Tue Sep 24 2024 09:42:25 GMT+0000 (Coordinated Universal Time),Tue Sep 24 2024 09:42:25 GMT+0000 (Coordinated Universal Time),Tue Sep 24 2024 13:34:38 GMT+0000 (Coordinated Universal Time),,https://cdn.prod.website-files.com/65ac805b2ac454468c44bf36/66f2897278bdfc83bef10862_image%2087.png,https://a101.ru/,
ГК «Атомстройкомплекс»,atomstroykompleks,65ac81e880bb60bad2ca280c,65ac805b2ac454468c44bf35,675959768235a1c989ee0030,false,false,Wed Dec 11 2024 09:20:54 GMT+0000 (Coordinated Universal Time),Wed Dec 11 2024 09:20:54 GMT+0000 (Coordinated Universal Time),Thu Dec 19 2024 13:32:07 GMT+0000 (Coordinated Universal Time),,https://cdn.prod.website-files.com/65ac805b2ac454468c44bf36/6759596b32b39b8fbd234ebd_%D0%B0%D1%82%D0%BE%D0%BC%20(1).webp,https://www.atomstroy.net/,
ГК «Суварстроит»,gk-suvarstroit,65ac81e880bb60bad2ca280c,65ac805b2ac454468c44bf35,685e5a12975f3301aae2d0df,false,false,Fri Jun 27 2025 08:45:06 GMT+0000 (Coordinated Universal Time),Fri Jun 27 2025 08:45:06 GMT+0000 (Coordinated Universal Time),Fri Jun 27 2025 08:45:06 GMT+0000 (Coordinated Universal Time),,https://cdn.prod.website-files.com/65ac805b2ac454468c44bf36/685e59f9b05359450e0de197_image%2044.webp,https://suvarstroit.ru/,
ГК ФСК,fsk,65ac81e880bb60bad2ca280c,65ac805b2ac454468c44bf35,66bde28d20aa6dfa9f11d411,false,false,Thu Aug 15 2024 11:12:13 GMT+0000 (Coordinated Universal Time),Thu Oct 10 2024 07:43:26 GMT+0000 (Coordinated Universal Time),Thu Oct 10 2024 07:43:55 GMT+0000 (Coordinated Universal Time),,https://cdn.prod.website-files.com/65ac805b2ac454468c44bf36/6707859a582f42c3fc024481_fsk-prew.svg,https://fsk.ru/,
Гранель,granel,65ac81e880bb60bad2ca280c,65ac805b2ac454468c44bf35,65b279cf5b0d479cf4295281,false,false,Thu Jan 25 2024 15:10:07 GMT+0000 (Coordinated Universal Time),Mon Feb 05 2024 14:29:16 GMT+0000 (Coordinated Universal Time),Tue May 28 2024 14:47:57 GMT+0000 (Coordinated Universal Time),,https://uploads-ssl.webflow.com/65ac805b2ac454468c44bf36/65b279b1b67269dc2f950739_granel-prew.jpg,https://www.granelle.ru/,
Группа ЛСР,gruppa-lsr,65ac81e880bb60bad2ca280c,65ac805b2ac454468c44bf35,673c4c21b230e9c6e333c4a2,false,false,Tue Nov 19 2024 08:28:17 GMT+0000 (Coordinated Universal Time),Tue Jan 28 2025 11:14:09 GMT+0000 (Coordinated Universal Time),Tue Jan 28 2025 11:14:09 GMT+0000 (Coordinated Universal Time),,https://cdn.prod.website-files.com/65ac805b2ac454468c44bf36/673c4bf57a1904e015999afb_lsr%201.webp,https://www.lsr.ru/,
ДВИЖ,dvizh,65ac81e880bb60bad2ca280c,65ac805b2ac454468c44bf35,65ac81ed69c2257a1dc010f4,false,false,Sun Jan 21 2024 02:31:09 GMT+0000 (Coordinated Universal Time),Mon Feb 05 2024 14:30:12 GMT+0000 (Coordinated Universal Time),Tue May 28 2024 14:47:57 GMT+0000 (Coordinated Universal Time),AI-платформа для автоматизации продаж и маркетинга,https://uploads-ssl.webflow.com/65ac805b2ac454468c44bf36/65b24fb17ae0e0477e9590ea_dvizh-prew.jpg,http://www.dvizh.io/,Открыть сайт
ДСК-1,dsk1,65ac81e880bb60bad2ca280c,65ac805b2ac454468c44bf35,670ccf4ad24d0423dc3fe077,false,false,Mon Oct 14 2024 07:59:06 GMT+0000 (Coordinated Universal Time),Mon Oct 14 2024 07:59:06 GMT+0000 (Coordinated Universal Time),Mon Oct 14 2024 12:27:57 GMT+0000 (Coordinated Universal Time),,https://cdn.prod.website-files.com/65ac805b2ac454468c44bf36/670ccf35ca1ef76d4ad9625c_%D0%B4%D1%81%D0%BA%201.webp,https://dsk1.one/,
Движение,dvizhenie,65ac81e880bb60bad2ca280c,65ac805b2ac454468c44bf35,65ba2decbfb9a2a5c050a70b,false,false,Wed Jan 31 2024 11:24:28 GMT+0000 (Coordinated Universal Time),Sun Feb 11 2024 18:46:21 GMT+0000 (Coordinated Universal Time),Tue May 28 2024 14:47:57 GMT+0000 (Coordinated Universal Time),Форум по девелопменту и продажам недвижимости,https://uploads-ssl.webflow.com/65ac805b2ac454468c44bf36/65ba2e8ea10567583e86bb24_dvizhenie-prew.jpeg,https://dvizh.ru/,
КРОСТ,krost,65ac81e880bb60bad2ca280c,65ac805b2ac454468c44bf35,6877878b3621e8885d6229cc,false,false,Wed Jul 16 2025 11:05:47 GMT+0000 (Coordinated Universal Time),Wed Jul 16 2025 11:20:30 GMT+0000 (Coordinated Universal Time),Wed Jul 16 2025 11:20:30 GMT+0000 (Coordinated Universal Time),,https://cdn.prod.website-files.com/65ac805b2ac454468c44bf36/68778af5bd597676f4f7ef8b_Frame%201321321167.jpg,https://krost.ru/,
Кибериспытание,kiberispytanie,65ac81e880bb60bad2ca280c,65ac805b2ac454468c44bf35,67b440835a48246485979625,false,false,Tue Feb 18 2025 08:10:43 GMT+0000 (Coordinated Universal Time),Tue Feb 18 2025 08:10:43 GMT+0000 (Coordinated Universal Time),Tue Feb 18 2025 09:12:23 GMT+0000 (Coordinated Universal Time),,https://cdn.prod.website-files.com/65ac805b2ac454468c44bf36/67b4406a9b69e90eaad208f4_%D0%9A%D0%B8%D0%B1%D0%B5%D1%80%D0%B1%D0%B5%D0%B7.webp,https://cyberfy.ru/,
Л1,l1,65ac81e880bb60bad2ca280c,65ac805b2ac454468c44bf35,682dc95717bf4d16d1e85f2a,false,false,Wed May 21 2025 12:38:47 GMT+0000 (Coordinated Universal Time),Wed May 21 2025 13:42:21 GMT+0000 (Coordinated Universal Time),Tue Jun 17 2025 11:36:10 GMT+0000 (Coordinated Universal Time),,https://cdn.prod.website-files.com/65ac805b2ac454468c44bf36/682dc941ab04b09c3e951b9b_l1.webp,https://www.l1-stroy.ru/,
ОФМ,ofm,65ac81e880bb60bad2ca280c,65ac805b2ac454468c44bf35,667bf5d9c6803f68648aa8fe,false,false,Wed Jun 26 2024 11:04:57 GMT+0000 (Coordinated Universal Time),Thu Oct 10 2024 07:43:46 GMT+0000 (Coordinated Universal Time),Thu Oct 10 2024 07:43:55 GMT+0000 (Coordinated Universal Time),,https://cdn.prod.website-files.com/65ac805b2ac454468c44bf36/670785ae6c2957674dc175b5_ofm-prew.svg,https://opfm.ru/,
Пионер,pioner,65ac81e880bb60bad2ca280c,65ac805b2ac454468c44bf35,65b27bb1a1bdba084a49cec5,false,false,Thu Jan 25 2024 15:18:09 GMT+0000 (Coordinated Universal Time),Mon Feb 05 2024 14:28:54 GMT+0000 (Coordinated Universal Time),Tue May 28 2024 14:47:57 GMT+0000 (Coordinated Universal Time),,https://uploads-ssl.webflow.com/65ac805b2ac454468c44bf36/65b27ba22c433c6f1f8a654b_pioneer-prew.jpg,https://pioneer.ru,
Практика,praktika,65ac81e880bb60bad2ca280c,65ac805b2ac454468c44bf35,6842f3332f523e985c648a9c,false,false,Fri Jun 06 2025 13:54:59 GMT+0000 (Coordinated Universal Time),Fri Jun 06 2025 13:54:59 GMT+0000 (Coordinated Universal Time),Fri Jun 06 2025 13:54:59 GMT+0000 (Coordinated Universal Time),,https://cdn.prod.website-files.com/65ac805b2ac454468c44bf36/6842f291c288ff8356619780_practika.webp,https://gk-praktika.ru/,
РСТИ,rsti,65ac81e880bb60bad2ca280c,65ac805b2ac454468c44bf35,68e76c43c646945e3bade203,false,false,Thu Oct 09 2025 08:03:15 GMT+0000 (Coordinated Universal Time),Thu Oct 09 2025 08:03:15 GMT+0000 (Coordinated Universal Time),Thu Oct 09 2025 08:03:15 GMT+0000 (Coordinated Universal Time),,https://cdn.prod.website-files.com/65ac805b2ac454468c44bf36/68e76c1a637722dc88796936_rsti.webp,https://rsti.ru/spb,
СТРОЙТЭК,stroytek,65ac81e880bb60bad2ca280c,65ac805b2ac454468c44bf35,68d2765c17f2a758fb367c86,false,false,Tue Sep 23 2025 10:28:44 GMT+0000 (Coordinated Universal Time),Mon Sep 29 2025 07:31:02 GMT+0000 (Coordinated Universal Time),Tue Sep 30 2025 12:14:07 GMT+0000 (Coordinated Universal Time),,https://cdn.prod.website-files.com/65ac805b2ac454468c44bf36/68d27646259f9b3e60669155_image%2075.webp,https://clck.ru/3PSfbQ,
Самолет,samolet,65ac81e880bb60bad2ca280c,65ac805b2ac454468c44bf35,65b245c39a6e0c6b083e5f3e,false,false,Thu Jan 25 2024 11:28:03 GMT+0000 (Coordinated Universal Time),Mon Feb 05 2024 14:29:27 GMT+0000 (Coordinated Universal Time),Tue May 28 2024 14:47:57 GMT+0000 (Coordinated Universal Time),,https://uploads-ssl.webflow.com/65ac805b2ac454468c44bf36/65b373bf5e22dbc5f078490e_samolet-prew.jpg,https://samolet.ru,
Самолет Плюс,samolet-plyus,65ac81e880bb60bad2ca280c,65ac805b2ac454468c44bf35,66a20b92e0b341fefe9165a0,false,false,Thu Jul 25 2024 08:23:46 GMT+0000 (Coordinated Universal Time),Thu Jul 25 2024 08:23:46 GMT+0000 (Coordinated Universal Time),Thu Jul 25 2024 08:29:06 GMT+0000 (Coordinated Universal Time),,https://uploads-ssl.webflow.com/65ac805b2ac454468c44bf36/66a20b634eec1980fb24081c_%D1%81%D0%B0%D0%BC%D0%BE%D0%BB%D0%B5%D1%82%20%D0%BF%D0%BB%D1%8E%D1%81%201.png,https://samoletplus.ru/msk-mo/,
Совкомбанк,sovkombank,65ac81e880bb60bad2ca280c,65ac805b2ac454468c44bf35,66e8239b2ccca371ae24bf06,false,false,Mon Sep 16 2024 12:24:59 GMT+0000 (Coordinated Universal Time),Mon Sep 16 2024 12:24:59 GMT+0000 (Coordinated Universal Time),Mon Sep 16 2024 14:09:45 GMT+0000 (Coordinated Universal Time),,https://cdn.prod.website-files.com/65ac805b2ac454468c44bf36/66e823945ae642e001b99c8f_Group%20335881.png,https://sovcombank.ru/,
Страна Девелопмент,strana-development,65ac81e880bb60bad2ca280c,65ac805b2ac454468c44bf35,65b27dd4722615f329b86596,false,false,Thu Jan 25 2024 15:27:16 GMT+0000 (Coordinated Universal Time),Mon Feb 05 2024 14:28:27 GMT+0000 (Coordinated Universal Time),Tue May 28 2024 14:47:57 GMT+0000 (Coordinated Universal Time),,https://uploads-ssl.webflow.com/65ac805b2ac454468c44bf36/65b27dc20028741cff118e0e_strana-prew.jpg,https://strana-dom.com,
ТКБ БАНК ПАО,tkb-bank-pao,65ac81e880bb60bad2ca280c,65ac805b2ac454468c44bf35,673ddfdd22c84c570613a771,false,false,Wed Nov 20 2024 13:10:53 GMT+0000 (Coordinated Universal Time),Wed Nov 20 2024 13:10:53 GMT+0000 (Coordinated Universal Time),Thu Nov 21 2024 12:10:34 GMT+0000 (Coordinated Universal Time),,https://cdn.prod.website-files.com/65ac805b2ac454468c44bf36/673ddfbf4d209fde74c94e0a_B48ECBB4-8B28-48F0-99E3-B21BD9590016.webp,https://www.tkbbank.ru/,
Точно,tochno,65ac81e880bb60bad2ca280c,65ac805b2ac454468c44bf35,65b90db3e8299ceb70104af5,false,false,Tue Jan 30 2024 14:54:43 GMT+0000 (Coordinated Universal Time),Mon Feb 05 2024 14:27:59 GMT+0000 (Coordinated Universal Time),Tue May 28 2024 14:47:57 GMT+0000 (Coordinated Universal Time),,https://uploads-ssl.webflow.com/65ac805b2ac454468c44bf36/65b90da18afc37f0f9864f2d_tochno-prew.jpg,https://tochno.life,
Унистрой,unistroy,65ac81e880bb60bad2ca280c,65ac805b2ac454468c44bf35,68834b292853acd24764ac1f,false,false,Fri Jul 25 2025 09:15:21 GMT+0000 (Coordinated Universal Time),Fri Jul 25 2025 09:15:21 GMT+0000 (Coordinated Universal Time),Fri Jul 25 2025 09:15:21 GMT+0000 (Coordinated Universal Time),,https://cdn.prod.website-files.com/65ac805b2ac454468c44bf36/68834b14c98a732ae354f719_unnamed%202.webp,https://unistroyrf.ru/,
девелоперы.рф,developeryrf,65ac81e880bb60bad2ca280c,65ac805b2ac454468c44bf35,662b9dfff687298a72e2432c,false,false,Fri Apr 26 2024 12:28:47 GMT+0000 (Coordinated Universal Time),Sat Apr 27 2024 06:14:37 GMT+0000 (Coordinated Universal Time),Tue May 28 2024 14:47:57 GMT+0000 (Coordinated Universal Time),,https://uploads-ssl.webflow.com/65ac805b2ac454468c44bf36/662c97a8a85c977101e44a18_best_devrf.webp,https://xn--b1addba9avik4i.xn--p1ai/,
