Name,Slug,Collection ID,Locale ID,Item ID,Archived,Draft,Created On,Updated On,Published On,Photo,Jot title,Description,Компания,OpenGraph
 Алексей Балыбердин,balyberdin,65ac80f6db24d071134942fa,65ac805b2ac454468c44bf35,65ba2ed85905cbe682bb6139,false,false,Wed Jan 31 2024 11:28:24 GMT+0000 (Coordinated Universal Time),Wed Apr 24 2024 08:27:19 GMT+0000 (Coordinated Universal Time),Tue May 28 2024 14:47:57 GMT+0000 (Coordinated Universal Time),https://uploads-ssl.webflow.com/65ac805b2ac454468c44bf36/65ba2ecfa10567583e86dfb8_Avatar-balliberdin.jpeg,Юрист,,dvizh,https://uploads-ssl.webflow.com/65ac805b2ac454468c44bf36/6628c240ed29430a8693eb49_og.webp
 Илья Пискулин,piskulin,65ac80f6db24d071134942fa,65ac805b2ac454468c44bf35,65ba2d4f3493d29e1687c225,false,false,Wed Jan 31 2024 11:21:51 GMT+0000 (Coordinated Universal Time),Wed Apr 24 2024 08:27:09 GMT+0000 (Coordinated Universal Time),Tue May 28 2024 14:47:57 GMT+0000 (Coordinated Universal Time),https://uploads-ssl.webflow.com/65ac805b2ac454468c44bf36/65ba2db2e80f1395d2aafdff_Avatar-piskylin.jpeg,Основатель «Движения»,,dvizhenie,https://uploads-ssl.webflow.com/65ac805b2ac454468c44bf36/6628c240ed29430a8693eb49_og.webp
Айгуль Муратова,muratova,65ac80f6db24d071134942fa,65ac805b2ac454468c44bf35,6659aabf559d882da6f0288d,false,false,Fri May 31 2024 10:47:27 GMT+0000 (Coordinated Universal Time),Fri May 31 2024 10:52:58 GMT+0000 (Coordinated Universal Time),Fri May 31 2024 12:48:43 GMT+0000 (Coordinated Universal Time),https://uploads-ssl.webflow.com/65ac805b2ac454468c44bf36/6659aab5e0618c68d1615179_%D0%B0%D0%B9%D0%B3%D1%83%D0%BB%D1%8C%20(2)%201.png,Старший менеджер отдела оформления регистрации,,strana-development,
Александр Гуторов,gutorov,65ac80f6db24d071134942fa,65ac805b2ac454468c44bf35,6659a576a5f32463f8fedb58,false,false,Fri May 31 2024 10:24:54 GMT+0000 (Coordinated Universal Time),Fri May 31 2024 10:51:17 GMT+0000 (Coordinated Universal Time),Fri May 31 2024 12:48:43 GMT+0000 (Coordinated Universal Time),https://uploads-ssl.webflow.com/65ac805b2ac454468c44bf36/6659aba3f82ef8f7524a535d_image%2060%20(3)%20(1).png,"Вице-президент, руководитель блока продаж и маркетинга",,strana-development,
Александр Рычков,rychkov,65ac80f6db24d071134942fa,65ac805b2ac454468c44bf35,673c4e6f7e96beb105061532,false,false,Tue Nov 19 2024 08:38:07 GMT+0000 (Coordinated Universal Time),Tue Jan 28 2025 11:13:58 GMT+0000 (Coordinated Universal Time),Tue Jan 28 2025 11:13:58 GMT+0000 (Coordinated Universal Time),https://cdn.prod.website-files.com/65ac805b2ac454468c44bf36/673c4e523b27d7f9458b0162_%D1%80%D1%8B%D1%87%D0%BA%D0%BE%D0%B2.webp,Начальник отдела ипотеки,,gruppa-lsr,
Александра Писмерова,pismerova,65ac80f6db24d071134942fa,65ac805b2ac454468c44bf35,68de2511196087fdbf4dfe3a,false,false,Thu Oct 02 2025 07:09:05 GMT+0000 (Coordinated Universal Time),Thu Oct 02 2025 07:09:05 GMT+0000 (Coordinated Universal Time),Thu Oct 02 2025 07:09:05 GMT+0000 (Coordinated Universal Time),https://cdn.prod.website-files.com/65ac805b2ac454468c44bf36/68de24f23f1f48c46cde923e_%D0%90%D0%BB%D0%B5%D0%BA%D1%81%D0%B0%D0%BD%D0%B4%D1%80%D0%B0.webp,Заместитель генерального директора по продажам,,aspek-domstroy,
Алексей Бушуев,bushuev,65ac80f6db24d071134942fa,65ac805b2ac454468c44bf35,691448252401342f1c97a8c9,false,false,Wed Nov 12 2025 08:41:09 GMT+0000 (Coordinated Universal Time),Wed Nov 12 2025 08:41:09 GMT+0000 (Coordinated Universal Time),Wed Nov 12 2025 08:41:09 GMT+0000 (Coordinated Universal Time),https://cdn.prod.website-files.com/65ac805b2ac454468c44bf36/6914480f2980ff72b144e427_%D0%B0%D0%BB%D0%B5%D0%BA%D1%81%D0%B5%D0%B9.webp,Коммерческий директор,,glavstroy-sankt-peterburg,
Алексей Глушенков,glushenkov,65ac80f6db24d071134942fa,65ac805b2ac454468c44bf35,673de0a337df6c88c006acf9,false,false,Wed Nov 20 2024 13:14:11 GMT+0000 (Coordinated Universal Time),Wed Nov 20 2024 13:14:11 GMT+0000 (Coordinated Universal Time),Thu Nov 21 2024 12:10:34 GMT+0000 (Coordinated Universal Time),https://cdn.prod.website-files.com/65ac805b2ac454468c44bf36/673de074947622109dcb72e8_gl.webp,Директор Дирекции розничных продуктов,,tkb-bank-pao,
Алексей Киселёв,kiselyov,65ac80f6db24d071134942fa,65ac805b2ac454468c44bf35,66e2ab84891262488ba407ec,false,false,Thu Sep 12 2024 08:51:16 GMT+0000 (Coordinated Universal Time),Thu Sep 12 2024 08:51:16 GMT+0000 (Coordinated Universal Time),Thu Sep 12 2024 12:04:15 GMT+0000 (Coordinated Universal Time),https://cdn.prod.website-files.com/65ac805b2ac454468c44bf36/66e2ab62417d338cdffc6cbe_%D0%A0%D0%B8%D1%81%D1%83%D0%BD%D0%BE%D0%BA1%201.png,"Куратор проекта «Ипотека-ОФМ», начальник управления по работе с банками-партнерами ОФМ",,ofm,
Алексей Новиков,novikov,65ac80f6db24d071134942fa,65ac805b2ac454468c44bf35,69009889ec46cd2a9e3c1ef5,false,false,Tue Oct 28 2025 10:18:49 GMT+0000 (Coordinated Universal Time),Tue Oct 28 2025 10:18:49 GMT+0000 (Coordinated Universal Time),Tue Oct 28 2025 10:18:49 GMT+0000 (Coordinated Universal Time),https://cdn.prod.website-files.com/65ac805b2ac454468c44bf36/690098692aafd71a05de3c87_novicov.webp,Операционный директор,,est-a-tet,
Анастасия Горбунь,gorbun,65ac80f6db24d071134942fa,65ac805b2ac454468c44bf35,664f1a486e2ef277d5e9009f,false,false,Thu May 23 2024 10:28:24 GMT+0000 (Coordinated Universal Time),Thu May 23 2024 10:28:24 GMT+0000 (Coordinated Universal Time),Tue May 28 2024 14:47:57 GMT+0000 (Coordinated Universal Time),https://uploads-ssl.webflow.com/65ac805b2ac454468c44bf36/664f1a286e2ef277d5e8de85_image%2056.png,Директор по продажам,,samolet,
Анастасия Просвирнина,anastasiya-prosvirnina,65ac80f6db24d071134942fa,65ac805b2ac454468c44bf35,65c23172c60e7517d4466164,false,false,Tue Feb 06 2024 13:17:38 GMT+0000 (Coordinated Universal Time),Wed Apr 24 2024 08:31:23 GMT+0000 (Coordinated Universal Time),Tue May 28 2024 14:47:57 GMT+0000 (Coordinated Universal Time),https://uploads-ssl.webflow.com/65ac805b2ac454468c44bf36/65c627ee6f7ecab02aa76cd0_%D0%BD%D0%B0%D1%81%D1%82%D1%8F.jpeg,Автор,,dvizh,https://uploads-ssl.webflow.com/65ac805b2ac454468c44bf36/6628c240ed29430a8693eb49_og.webp
Андрей Алексеев,alekseev,65ac80f6db24d071134942fa,65ac805b2ac454468c44bf35,68077d8c4cae200853d7612d,false,false,Tue Apr 22 2025 11:29:16 GMT+0000 (Coordinated Universal Time),Fri Apr 25 2025 14:40:37 GMT+0000 (Coordinated Universal Time),Mon May 05 2025 10:34:22 GMT+0000 (Coordinated Universal Time),https://cdn.prod.website-files.com/65ac805b2ac454468c44bf36/68077d4914a9f671a7155ccd_%D0%B0%D0%BD%D0%B4%D1%80%D0%B5%D0%B9%20(1).webp,Руководитель направления ипотечного кредитования,,october-group,
Анна Бажукова ,bazhukova,65ac80f6db24d071134942fa,65ac805b2ac454468c44bf35,670ccfe9f3242824de884421,false,false,Mon Oct 14 2024 08:01:45 GMT+0000 (Coordinated Universal Time),Mon Oct 14 2024 08:01:45 GMT+0000 (Coordinated Universal Time),Mon Oct 14 2024 12:27:57 GMT+0000 (Coordinated Universal Time),https://cdn.prod.website-files.com/65ac805b2ac454468c44bf36/670ccf73c08cce8659c72b40_%D0%B0%D0%BD%D0%BD%D0%B0.webp,"Руководитель отдела по маркетингу, рекламе и связям с общественностью",,dsk1,
Артем Бреславский,artem-breslavskiy,65ac80f6db24d071134942fa,65ac805b2ac454468c44bf35,6746e71fc1ee8eda3cc3fc55,false,false,Wed Nov 27 2024 09:32:15 GMT+0000 (Coordinated Universal Time),Wed Nov 27 2024 09:38:05 GMT+0000 (Coordinated Universal Time),Wed Nov 27 2024 09:42:02 GMT+0000 (Coordinated Universal Time),https://cdn.prod.website-files.com/65ac805b2ac454468c44bf36/6746e6ebc8e148cb3f8e1a5e_%D1%81%D0%BF%D0%BA%D1%80.jpg,"со-основатель, директор по развитию цифровых продуктов",,macro,
Артем Котловский,kotlovski,65ac80f6db24d071134942fa,65ac805b2ac454468c44bf35,65ba341743e2b37a3698e332,false,false,Wed Jan 31 2024 11:50:47 GMT+0000 (Coordinated Universal Time),Wed Apr 24 2024 08:27:37 GMT+0000 (Coordinated Universal Time),Tue May 28 2024 14:47:57 GMT+0000 (Coordinated Universal Time),https://uploads-ssl.webflow.com/65ac805b2ac454468c44bf36/65ba3513654656fc51722063_Avatar-kotlovski.jpeg,Руководитель отдела кредитования и партнерских программ,,pioner,https://uploads-ssl.webflow.com/65ac805b2ac454468c44bf36/6628c240ed29430a8693eb49_og.webp
Артур Борсоков,artur-borsokov,65ac80f6db24d071134942fa,65ac805b2ac454468c44bf35,65c3966ede1b6f46fe9e147d,false,false,Wed Feb 07 2024 14:40:46 GMT+0000 (Coordinated Universal Time),Wed Apr 24 2024 08:31:59 GMT+0000 (Coordinated Universal Time),Tue May 28 2024 14:47:57 GMT+0000 (Coordinated Universal Time),https://uploads-ssl.webflow.com/65ac805b2ac454468c44bf36/65c4f0af12d84fd717995679_%D0%B0%D1%80%D1%82%D1%83%D1%80%20%D0%B0%D0%B2%D0%B0%D1%82%D0%B0%D1%80.jpeg,Ведущий дизайнер коммуникаций,,dvizh,https://uploads-ssl.webflow.com/65ac805b2ac454468c44bf36/6628c240ed29430a8693eb49_og.webp
Борис Малютин,malyutin,65ac80f6db24d071134942fa,65ac805b2ac454468c44bf35,691441bb05cbde2cf3dbcb0f,false,false,Wed Nov 12 2025 08:13:47 GMT+0000 (Coordinated Universal Time),Wed Nov 12 2025 08:13:47 GMT+0000 (Coordinated Universal Time),Wed Nov 12 2025 08:13:47 GMT+0000 (Coordinated Universal Time),https://cdn.prod.website-files.com/65ac805b2ac454468c44bf36/6914418c19f9435bf01de2ae_%D0%B1%D0%BE%D1%80%D0%B8%D1%81.webp,Директор по развитию партнерской сети,,bestnovostroy,
Вадим Герасимов,gerasimov,65ac80f6db24d071134942fa,65ac805b2ac454468c44bf35,68834b9cf0258a64e7862cbc,false,false,Fri Jul 25 2025 09:17:16 GMT+0000 (Coordinated Universal Time),Fri Jul 25 2025 09:17:16 GMT+0000 (Coordinated Universal Time),Fri Jul 25 2025 09:17:16 GMT+0000 (Coordinated Universal Time),https://cdn.prod.website-files.com/65ac805b2ac454468c44bf36/68834b6ed95401bda8f743b1_%D0%93%D0%B5%D1%80%D0%B0%D1%81%D0%B8%D0%BC%D0%BE%D0%B2.webp,Директор по продажам ,,unistroy,
Валентин Черненко,chernenko,65ac80f6db24d071134942fa,65ac805b2ac454468c44bf35,6729d3d3a9e7aaa616b0cf3f,false,false,Tue Nov 05 2024 08:14:11 GMT+0000 (Coordinated Universal Time),Tue Nov 05 2024 08:14:11 GMT+0000 (Coordinated Universal Time),Tue Nov 05 2024 08:20:48 GMT+0000 (Coordinated Universal Time),https://cdn.prod.website-files.com/65ac805b2ac454468c44bf36/6729d3a6145457dac03bf514_%D0%92%D0%B0%D0%BB%D1%8F.webp,Продуктовый менеджер,,dvizh,
Валерий Кузнецов,kuznecov,65ac80f6db24d071134942fa,65ac805b2ac454468c44bf35,68f9e34f8f5c0c966c10b400,false,false,Thu Oct 23 2025 08:11:59 GMT+0000 (Coordinated Universal Time),Thu Oct 23 2025 08:11:59 GMT+0000 (Coordinated Universal Time),Thu Oct 23 2025 08:11:59 GMT+0000 (Coordinated Universal Time),https://cdn.prod.website-files.com/65ac805b2ac454468c44bf36/68f9e3359eac35e790cc48fb_%D0%B2%D0%B0%D0%BB%D0%B5%D1%80%D0%B8%D0%B9.webp,Коммерческий директор,,rdi,
Василий Квливидзе,kvlividze,65ac80f6db24d071134942fa,65ac805b2ac454468c44bf35,6792093545c3ef718dbaffb3,false,false,Thu Jan 23 2025 09:17:41 GMT+0000 (Coordinated Universal Time),Fri Jan 24 2025 06:58:17 GMT+0000 (Coordinated Universal Time),Fri Jan 24 2025 06:59:08 GMT+0000 (Coordinated Universal Time),https://cdn.prod.website-files.com/65ac805b2ac454468c44bf36/67920918b0db0bf3c76d6418_%D0%92%D0%B0%D1%81%D0%B8%D0%BB%D0%B8%D0%B9.webp,Коммерческий директор COLDY,,coldy,
Василий Фетисов,fetisov,65ac80f6db24d071134942fa,65ac805b2ac454468c44bf35,68a73d796f6ca8bf198067c8,false,false,Thu Aug 21 2025 15:38:33 GMT+0000 (Coordinated Universal Time),Thu Aug 21 2025 15:41:41 GMT+0000 (Coordinated Universal Time),Fri Aug 22 2025 15:13:34 GMT+0000 (Coordinated Universal Time),https://cdn.prod.website-files.com/65ac805b2ac454468c44bf36/68a73cbaaa79722c05ad5789_image%2050.webp,Эксперт в девелопменте,,housebook,
Виктория Белявская,viktoriya-belyavskaya,65ac80f6db24d071134942fa,65ac805b2ac454468c44bf35,65c5af1eacf54c8a7276c8ab,false,false,Fri Feb 09 2024 04:50:38 GMT+0000 (Coordinated Universal Time),Wed Apr 24 2024 08:32:12 GMT+0000 (Coordinated Universal Time),Tue May 28 2024 14:47:57 GMT+0000 (Coordinated Universal Time),https://uploads-ssl.webflow.com/65ac805b2ac454468c44bf36/65c5aee7e7868510533fb9af_%D0%B1%D0%B5%D0%BB%D1%8F%D0%B2%D1%81%D0%BA%D0%B0%D1%8F.jpg,"Руководитель Центра коммуникаций, партнер",,gmk,https://uploads-ssl.webflow.com/65ac805b2ac454468c44bf36/6628c240ed29430a8693eb49_og.webp
Виктория Воскресенская,voskresenskaya,65ac80f6db24d071134942fa,65ac805b2ac454468c44bf35,67a3361301640e06eefb85a6,false,false,Wed Feb 05 2025 09:57:39 GMT+0000 (Coordinated Universal Time),Wed Feb 05 2025 09:57:39 GMT+0000 (Coordinated Universal Time),Thu Feb 06 2025 10:56:22 GMT+0000 (Coordinated Universal Time),https://cdn.prod.website-files.com/65ac805b2ac454468c44bf36/67a335d726f6ae7155dcbe7a_%D1%82%D1%80%D1%8D%D0%B2%D1%8D%D0%BB%201.webp,Основатель inspirator.travel,,inspirator-travel,
Виктория Григорьева,grigoreva,65ac80f6db24d071134942fa,65ac805b2ac454468c44bf35,681b11fc204f5ff55bde1e0e,false,false,Wed May 07 2025 07:55:40 GMT+0000 (Coordinated Universal Time),Mon May 12 2025 10:01:59 GMT+0000 (Coordinated Universal Time),Wed May 14 2025 07:07:45 GMT+0000 (Coordinated Universal Time),https://cdn.prod.website-files.com/65ac805b2ac454468c44bf36/681b11d188486dccde0355e8_victoriya.webp,Генеральный директор и управляющий партнер,,bestnovostroy,
Владимир Кравченко,kravchenko,65ac80f6db24d071134942fa,65ac805b2ac454468c44bf35,669674685aff78bf05d748f3,false,false,Tue Jul 16 2024 13:23:52 GMT+0000 (Coordinated Universal Time),Tue Jul 16 2024 13:29:28 GMT+0000 (Coordinated Universal Time),Thu Jul 18 2024 09:16:48 GMT+0000 (Coordinated Universal Time),https://uploads-ssl.webflow.com/65ac805b2ac454468c44bf36/66967410ad0966076e4d7242_%D0%BA%D1%80%D0%B0%D0%B2%D1%87%D0%B5%D0%BD%D0%BA%D0%BE.png,Вице-президент по рекламе и маркетингу,,development-yug,
Всеволод Глазунов,glazunov,65ac80f6db24d071134942fa,65ac805b2ac454468c44bf35,664f29c25c177bac4e7470f9,false,false,Thu May 23 2024 11:34:26 GMT+0000 (Coordinated Universal Time),Thu May 23 2024 11:34:26 GMT+0000 (Coordinated Universal Time),Tue May 28 2024 14:47:57 GMT+0000 (Coordinated Universal Time),https://uploads-ssl.webflow.com/65ac805b2ac454468c44bf36/664f29bcaa8dce230ffe84e8_image%2058.png,,<p>Директор по маркетингу и рекламе</p>,legenda,
Дмитрий Волков,volkov,65ac80f6db24d071134942fa,65ac805b2ac454468c44bf35,66a20bc784b7edc12cf985ea,false,false,Thu Jul 25 2024 08:24:39 GMT+0000 (Coordinated Universal Time),Thu Jul 25 2024 09:33:34 GMT+0000 (Coordinated Universal Time),Thu Jul 25 2024 09:37:18 GMT+0000 (Coordinated Universal Time),https://uploads-ssl.webflow.com/65ac805b2ac454468c44bf36/66a20bb19cb8c38335a7e1b3_%D0%B4%D0%BC%D0%B8%D1%82%D1%80%D0%B8%D0%B9%20%D0%B2%D0%BE%D0%BB%D0%BA%D0%BE%D0%B2%201.png,Председатель совета директоров,,samolet-plyus,
Дмитрий Охрименко,dmitriy-ohrimenko,65ac80f6db24d071134942fa,65ac805b2ac454468c44bf35,65acaa4123ee39bac02b1b51,false,false,Sun Jan 21 2024 05:23:13 GMT+0000 (Coordinated Universal Time),Wed May 15 2024 14:40:21 GMT+0000 (Coordinated Universal Time),Tue May 28 2024 14:47:57 GMT+0000 (Coordinated Universal Time),https://uploads-ssl.webflow.com/65ac805b2ac454468c44bf36/65ba2daabf395fcd9cc63400_Avatar-ohr.jpeg,Управляющий партнер,,dvizh,https://uploads-ssl.webflow.com/65ac805b2ac454468c44bf36/6628c240ed29430a8693eb49_og.webp
Дмитрий Софронов,sofronov,65ac80f6db24d071134942fa,65ac805b2ac454468c44bf35,6867a6f1ac4437ced0d6164b,false,false,Fri Jul 04 2025 10:03:29 GMT+0000 (Coordinated Universal Time),Fri Jul 04 2025 14:31:56 GMT+0000 (Coordinated Universal Time),Fri Jul 04 2025 14:31:56 GMT+0000 (Coordinated Universal Time),https://cdn.prod.website-files.com/65ac805b2ac454468c44bf36/6867a6e9abfd68623246589c_%D0%B4%D0%BC%D0%B8%D1%82%D1%80%D0%B8%D0%B9.webp,Коммерческий директор ,,dars-development,
Евгений Бескровный,beskrovnyy,65ac80f6db24d071134942fa,65ac805b2ac454468c44bf35,67e51d2b004f25ca28feca7a,false,false,Thu Mar 27 2025 09:40:59 GMT+0000 (Coordinated Universal Time),Thu Mar 27 2025 09:40:59 GMT+0000 (Coordinated Universal Time),Fri Mar 28 2025 15:33:04 GMT+0000 (Coordinated Universal Time),https://cdn.prod.website-files.com/65ac805b2ac454468c44bf36/67e51d2252cd7ec76da62235_%D0%91%D0%B5%D1%81%D0%BA%D1%80%D0%BE%D0%B2%D0%BD%D1%8B%D0%B9.webp,"Генеральный директор «АН Запстрой», коммерческий директор ГК «Запстрой» и LAR Development",,lar-development,
Евгения Стяжкина,styazhkina,65ac80f6db24d071134942fa,65ac805b2ac454468c44bf35,6690f68f5ec4131657086917,false,false,Fri Jul 12 2024 09:25:35 GMT+0000 (Coordinated Universal Time),Fri Jul 12 2024 11:34:05 GMT+0000 (Coordinated Universal Time),Thu Jul 18 2024 09:16:48 GMT+0000 (Coordinated Universal Time),https://uploads-ssl.webflow.com/65ac805b2ac454468c44bf36/669114a8456bf6b27ea655cd_%D0%B5%D0%B2%D0%B3%D0%B5%D0%BD%D0%B8%D1%8F.png,Директор дирекции разработки продуктовой стратегии,,dogma,
Екатерина Кандина,kandina,65ac80f6db24d071134942fa,65ac805b2ac454468c44bf35,66a8cdaca39601304a58f4d2,false,false,Tue Jul 30 2024 11:25:32 GMT+0000 (Coordinated Universal Time),Tue Jul 30 2024 12:06:14 GMT+0000 (Coordinated Universal Time),Tue Jul 30 2024 12:40:05 GMT+0000 (Coordinated Universal Time),https://uploads-ssl.webflow.com/65ac805b2ac454468c44bf36/66a8d6134a7c56621d025e67_%D0%B5%D0%BA%D0%B0%D1%82%D0%B5%D1%80%D0%B8%D0%BD%D0%B0.png,Руководитель финансовых инструментов,,afi-development,
Екатерина Немченко,nemchenko,65ac80f6db24d071134942fa,65ac805b2ac454468c44bf35,68e76c8dc44844e1c911209c,false,false,Thu Oct 09 2025 08:04:29 GMT+0000 (Coordinated Universal Time),Thu Oct 09 2025 08:04:29 GMT+0000 (Coordinated Universal Time),Thu Oct 09 2025 08:04:29 GMT+0000 (Coordinated Universal Time),https://cdn.prod.website-files.com/65ac805b2ac454468c44bf36/68e76c713d623581694483e2_en.webp,Коммерческий директор,,rsti,
Екатерина Ульянова,ulyanova,65ac80f6db24d071134942fa,65ac805b2ac454468c44bf35,65bcd4a00f37aa8a8d047bd9,false,false,Fri Feb 02 2024 11:40:16 GMT+0000 (Coordinated Universal Time),Wed Apr 24 2024 08:27:47 GMT+0000 (Coordinated Universal Time),Tue May 28 2024 14:47:57 GMT+0000 (Coordinated Universal Time),https://uploads-ssl.webflow.com/65ac805b2ac454468c44bf36/65c6283484e2c62876d23bea_%D1%83%D0%BB%D1%8C%D1%8F%D0%BD%D0%BE%D0%B2%D0%B01.jpeg,Директор по маркетингу и PR,,glorax,https://uploads-ssl.webflow.com/65ac805b2ac454468c44bf36/6628c240ed29430a8693eb49_og.webp
Екатерина Чурюкина,churyukina,65ac80f6db24d071134942fa,65ac805b2ac454468c44bf35,66bde3a70ebc9e6f1778e999,false,false,Thu Aug 15 2024 11:16:55 GMT+0000 (Coordinated Universal Time),Thu Aug 15 2024 11:34:35 GMT+0000 (Coordinated Universal Time),Fri Aug 16 2024 08:09:58 GMT+0000 (Coordinated Universal Time),https://uploads-ssl.webflow.com/65ac805b2ac454468c44bf36/66bde391993e5e888314fcbd_image%2083.png,Руководитель управления прямых продаж ,,fsk,
Елена Зосим,zosim,65ac80f6db24d071134942fa,65ac805b2ac454468c44bf35,69203b53aa85c456c78c9162,false,false,Fri Nov 21 2025 10:13:39 GMT+0000 (Coordinated Universal Time),Fri Nov 21 2025 10:13:39 GMT+0000 (Coordinated Universal Time),Fri Nov 21 2025 10:13:39 GMT+0000 (Coordinated Universal Time),https://cdn.prod.website-files.com/65ac805b2ac454468c44bf36/69203b41ce0ef8c8ea3fed49_%D0%B5%D0%BB%D0%B5%D0%BD%D0%B0.webp,Редактор,,dvizh,
Елена Самсонова,samsonova,65ac80f6db24d071134942fa,65ac805b2ac454468c44bf35,675960f6cebd22c2a12a20fb,false,false,Wed Dec 11 2024 09:52:54 GMT+0000 (Coordinated Universal Time),Wed Dec 11 2024 09:52:54 GMT+0000 (Coordinated Universal Time),Thu Dec 19 2024 13:32:07 GMT+0000 (Coordinated Universal Time),https://cdn.prod.website-files.com/65ac805b2ac454468c44bf36/675960f033920de932e10472_%D1%81%D0%B0%D0%BC%D1%81%D0%BE%D0%BD%D0%BE%D0%B2%D0%B0.webp,Ипотечный брокер Агентства недвижимости «Атом»,,atomstroykompleks,
Елизавета Братищева,bratishcheva,65ac80f6db24d071134942fa,65ac805b2ac454468c44bf35,68778b815aa4ac7b852f9ed1,false,false,Wed Jul 16 2025 11:22:41 GMT+0000 (Coordinated Universal Time),Wed Jul 16 2025 11:22:41 GMT+0000 (Coordinated Universal Time),Wed Jul 16 2025 11:22:41 GMT+0000 (Coordinated Universal Time),https://cdn.prod.website-files.com/65ac805b2ac454468c44bf36/68778b5118685032f5393723_photo_2025-07-11%2012.08.04%201.jpg,Руководитель девелоперских проектов в строительной компании,,krost,
Елизавета Просвирнина,elizaveta-prosvirnina,65ac80f6db24d071134942fa,65ac805b2ac454468c44bf35,65c0c6c20f48b349717544af,false,false,Mon Feb 05 2024 11:30:10 GMT+0000 (Coordinated Universal Time),Wed Apr 24 2024 08:27:56 GMT+0000 (Coordinated Universal Time),Tue May 28 2024 14:47:57 GMT+0000 (Coordinated Universal Time),https://uploads-ssl.webflow.com/65ac805b2ac454468c44bf36/65c6282423085b6ab020cb6b_%D0%BB%D0%B8%D0%B7%D0%B0.jpeg,Редактор,,dvizh,https://uploads-ssl.webflow.com/65ac805b2ac454468c44bf36/6628c240ed29430a8693eb49_og.webp
Жанна Белянкина,belyankina,65ac80f6db24d071134942fa,65ac805b2ac454468c44bf35,66a23c32a441a567acc79a54,false,false,Thu Jul 25 2024 11:51:14 GMT+0000 (Coordinated Universal Time),Thu Jul 25 2024 11:53:40 GMT+0000 (Coordinated Universal Time),Thu Jul 25 2024 13:27:56 GMT+0000 (Coordinated Universal Time),https://uploads-ssl.webflow.com/65ac805b2ac454468c44bf36/66a23cb35682f3bee685ccef_%D0%B6%D0%B0%D0%BD%D0%BD%D0%B0%20(2).png,Директор по продажам,,dogma,
Ирина Артюшенкова,irina-artyushenkova,65ac80f6db24d071134942fa,65ac805b2ac454468c44bf35,65c0f7b668d8a7da02718bcb,false,false,Mon Feb 05 2024 14:59:02 GMT+0000 (Coordinated Universal Time),Wed Apr 24 2024 08:28:14 GMT+0000 (Coordinated Universal Time),Tue May 28 2024 14:47:57 GMT+0000 (Coordinated Universal Time),https://uploads-ssl.webflow.com/65ac805b2ac454468c44bf36/65c62816b7b4bcd6c0c06859_%D0%B8%D1%80%D0%B0.jpg,Редактор,,dvizh,https://uploads-ssl.webflow.com/65ac805b2ac454468c44bf36/6628c240ed29430a8693eb49_og.webp
Ирина Петрова,irina-petrova,65ac80f6db24d071134942fa,65ac805b2ac454468c44bf35,68766598685286f1e928b450,false,false,Tue Jul 15 2025 14:28:40 GMT+0000 (Coordinated Universal Time),Tue Jul 15 2025 14:28:40 GMT+0000 (Coordinated Universal Time),Tue Jul 15 2025 14:28:40 GMT+0000 (Coordinated Universal Time),https://cdn.prod.website-files.com/65ac805b2ac454468c44bf36/6876657b5a549e69de222278_photo_2025-07-14_09-56-13.jpg,Руководитель отдела ипотеки и финансовых инструментов,,glorax,
Карина Рамазанова,karina-ramazanova,65ac80f6db24d071134942fa,65ac805b2ac454468c44bf35,67b6f2d4634988438824c82a,false,false,Thu Feb 20 2025 09:16:04 GMT+0000 (Coordinated Universal Time),Thu Feb 20 2025 09:16:04 GMT+0000 (Coordinated Universal Time),Thu Feb 20 2025 12:24:57 GMT+0000 (Coordinated Universal Time),https://cdn.prod.website-files.com/65ac805b2ac454468c44bf36/67b5ce508ddc14ea9d370935_%D0%BA%D0%B0%D1%80%D0%B8%D0%BD%D0%B0%20(1).webp,Аналитик,,dvizh,
Ксения Плешкова,pleshkova,65ac80f6db24d071134942fa,65ac805b2ac454468c44bf35,6842f370c419513f127c7d18,false,false,Fri Jun 06 2025 13:56:00 GMT+0000 (Coordinated Universal Time),Fri Jun 06 2025 13:56:00 GMT+0000 (Coordinated Universal Time),Fri Jun 06 2025 13:56:00 GMT+0000 (Coordinated Universal Time),https://cdn.prod.website-files.com/65ac805b2ac454468c44bf36/6842f354fa4bb153f1609449_kse.webp,Коммерческий директор,,praktika,
Лилия Шаповалова,shapovalova,65ac80f6db24d071134942fa,65ac805b2ac454468c44bf35,65f91133e04fbf3224c002ff,false,false,Tue Mar 19 2024 04:14:43 GMT+0000 (Coordinated Universal Time),Wed Apr 24 2024 08:32:45 GMT+0000 (Coordinated Universal Time),Tue May 28 2024 14:47:57 GMT+0000 (Coordinated Universal Time),https://uploads-ssl.webflow.com/65ac805b2ac454468c44bf36/65f910d83b1c799ee99ba170_%D0%A8%D0%B0%D0%BF%D0%BE%D0%B2%D0%B0%D0%BB%D0%BE%D0%B2%D0%B0%20%D0%9B.%D0%9C..jpg,Руководитель ипотечного отдела,,donstroy,https://uploads-ssl.webflow.com/65ac805b2ac454468c44bf36/6628c240ed29430a8693eb49_og.webp
Любовь Чуйкова,chuykova,65ac80f6db24d071134942fa,65ac805b2ac454468c44bf35,669e365f0ac862a54c202c99,false,false,Mon Jul 22 2024 10:37:18 GMT+0000 (Coordinated Universal Time),Mon Jul 22 2024 10:37:18 GMT+0000 (Coordinated Universal Time),Tue Jul 23 2024 13:23:51 GMT+0000 (Coordinated Universal Time),https://uploads-ssl.webflow.com/65ac805b2ac454468c44bf36/669e3639390724ba2af3c27d_%D0%BB%D1%8E%D0%B1%D0%BE%D0%B2%D1%8C%201.png,Директор управления,,one-moscow,
Максим Иванов,ivanov,65ac80f6db24d071134942fa,65ac805b2ac454468c44bf35,68077d2a5755cf069a202fc5,false,false,Tue Apr 22 2025 11:27:38 GMT+0000 (Coordinated Universal Time),Fri Apr 25 2025 14:40:38 GMT+0000 (Coordinated Universal Time),Mon May 05 2025 10:34:22 GMT+0000 (Coordinated Universal Time),https://cdn.prod.website-files.com/65ac805b2ac454468c44bf36/68077ce581cbb58bd6db3f29_%D0%BC%D0%B0%D0%BA%D1%81%D0%B8%D0%BC.webp,Директор по продажам,,october-group,
Марсель Абдулхаев,abdulhaev,65ac80f6db24d071134942fa,65ac805b2ac454468c44bf35,685e5a4bc2517208ba77dcf9,false,false,Fri Jun 27 2025 08:46:03 GMT+0000 (Coordinated Universal Time),Fri Jun 27 2025 08:46:03 GMT+0000 (Coordinated Universal Time),Fri Jun 27 2025 08:46:03 GMT+0000 (Coordinated Universal Time),https://cdn.prod.website-files.com/65ac805b2ac454468c44bf36/685e5a2f975f3301aae2e6b8_%D0%BC%D0%B0%D1%80%D1%81%D0%B5%D0%BB%D1%8C.webp,Коммерческий директор,,gk-suvarstroit,
Михаил Гущин,gushchin,65ac80f6db24d071134942fa,65ac805b2ac454468c44bf35,6639c15a69358c774755c255,false,false,Tue May 07 2024 05:51:22 GMT+0000 (Coordinated Universal Time),Tue May 07 2024 05:51:22 GMT+0000 (Coordinated Universal Time),Tue May 28 2024 14:47:57 GMT+0000 (Coordinated Universal Time),https://uploads-ssl.webflow.com/65ac805b2ac454468c44bf36/6639c10aa5484bbcfc50b2a3_image%206.jpg,Вице-президент по маркетингу и продукту,,rbi,
Михаил Шевелев,shevelev,65ac80f6db24d071134942fa,65ac805b2ac454468c44bf35,6659a64ec748d46be24b8125,false,false,Fri May 31 2024 10:28:30 GMT+0000 (Coordinated Universal Time),Fri May 31 2024 10:50:19 GMT+0000 (Coordinated Universal Time),Fri May 31 2024 12:48:43 GMT+0000 (Coordinated Universal Time),https://uploads-ssl.webflow.com/65ac805b2ac454468c44bf36/6659ab664a4d5ae9efc6c293_%D1%84%D0%BE%D1%82%D0%BE.jpg,Руководитель отдела оформления регистрации,,strana-development,
Наталья Селиванова,selivanova,65ac80f6db24d071134942fa,65ac805b2ac454468c44bf35,662788169b35385a9607dd77,false,false,Tue Apr 23 2024 10:06:14 GMT+0000 (Coordinated Universal Time),Wed Apr 24 2024 08:32:54 GMT+0000 (Coordinated Universal Time),Tue May 28 2024 14:47:57 GMT+0000 (Coordinated Universal Time),https://uploads-ssl.webflow.com/65ac805b2ac454468c44bf36/6627c5d4b6be19885287441b_%D1%81%D0%B5%D0%BB%D0%B8%D0%B2%D0%B0%D0%BD%D0%BE%D0%B2%D0%B0%201%20(3)%20(2).png,Заместитель гендиректора по развитию продаж,,bestnovostroy,https://uploads-ssl.webflow.com/65ac805b2ac454468c44bf36/6628c240ed29430a8693eb49_og.webp
Наташа Тимохина,timohina,65ac80f6db24d071134942fa,65ac805b2ac454468c44bf35,662b9ceb77b15577567c8a4c,false,false,Fri Apr 26 2024 12:24:11 GMT+0000 (Coordinated Universal Time),Tue Jan 21 2025 07:33:27 GMT+0000 (Coordinated Universal Time),Tue Jan 21 2025 07:33:27 GMT+0000 (Coordinated Universal Time),https://cdn.prod.website-files.com/65ac805b2ac454468c44bf36/678e3cf9967c8b40c9ca1e3b_timohina.webp,Стратегический консультант в девелопменте,"<p>Независимый консультант в девелопменте, сооснователь проекта девелоперы.рф, независимый директор девелопера СБК, председатель жюри премии «Лучшая управляющая компания страны by Domyland». Работала с компаниями страны (например, ТОЧНО, Талан, UDS, GloraX и др.) и зарубежья (BI Group, NRG и др.), глубокая экспертиза в управлении коммерческим блоком, ведении организационных изменений и создании сервисных компаний. Ведет стратегические сессии для девелоперов. </p>",developeryrf,
Оксана Кунакбаева,kunakbaeva,65ac80f6db24d071134942fa,65ac805b2ac454468c44bf35,6659ac026c07ec6aaf620950,false,false,Fri May 31 2024 10:52:50 GMT+0000 (Coordinated Universal Time),Fri May 31 2024 10:52:50 GMT+0000 (Coordinated Universal Time),Fri May 31 2024 12:48:43 GMT+0000 (Coordinated Universal Time),https://uploads-ssl.webflow.com/65ac805b2ac454468c44bf36/6659abf6fa1fbb6b8520de51_%D0%BE%D0%BA%D1%81%D0%B0%D0%BD%D0%B0%201.png,Менеджер отдела оформления регистрации,,strana-development,
Олег Павлов,oleg-pavlov,65ac80f6db24d071134942fa,65ac805b2ac454468c44bf35,65c5ee27ddd3f0a1b63a7e2a,false,false,Fri Feb 09 2024 09:19:35 GMT+0000 (Coordinated Universal Time),Wed Apr 24 2024 08:32:25 GMT+0000 (Coordinated Universal Time),Tue May 28 2024 14:47:57 GMT+0000 (Coordinated Universal Time),https://uploads-ssl.webflow.com/65ac805b2ac454468c44bf36/65c627daf36ab07b04bb63cc_%D0%BE%D0%BB%D0%B5%D0%B3.jpeg,Руководитель направления партнерского маркетинга,,dvizh,https://uploads-ssl.webflow.com/65ac805b2ac454468c44bf36/6628c240ed29430a8693eb49_og.webp
Олеся Ткаченко,tkachenko,65ac80f6db24d071134942fa,65ac805b2ac454468c44bf35,67a335b221845c0ebebb0f88,false,false,Wed Feb 05 2025 09:56:02 GMT+0000 (Coordinated Universal Time),Wed Feb 05 2025 09:56:02 GMT+0000 (Coordinated Universal Time),Thu Feb 06 2025 10:56:22 GMT+0000 (Coordinated Universal Time),https://cdn.prod.website-files.com/65ac805b2ac454468c44bf36/67a335a8f7411ece294876c3_%D0%BC%D0%B0%D0%BD%D0%B3%D0%B0%D0%B7%D0%B5%D1%8F%20(1).webp,Директор по маркетингу ,,mangazeya,
Ольга Аргышева,olga-argysheva,65ac80f6db24d071134942fa,65ac805b2ac454468c44bf35,65c0e9de9ef1966606092876,false,false,Mon Feb 05 2024 13:59:58 GMT+0000 (Coordinated Universal Time),Wed Apr 24 2024 08:28:03 GMT+0000 (Coordinated Universal Time),Tue May 28 2024 14:47:57 GMT+0000 (Coordinated Universal Time),https://uploads-ssl.webflow.com/65ac805b2ac454468c44bf36/65c0e9d162b8b628e8f4e260_photo_2024-02-05_16-59-27.jpg,Главный редактор,,dvizh,https://uploads-ssl.webflow.com/65ac805b2ac454468c44bf36/6628c240ed29430a8693eb49_og.webp
Ольга Григоренко,grigorenko,65ac80f6db24d071134942fa,65ac805b2ac454468c44bf35,6759608dbcd89d20242fd188,false,false,Wed Dec 11 2024 09:51:09 GMT+0000 (Coordinated Universal Time),Wed Dec 11 2024 09:51:09 GMT+0000 (Coordinated Universal Time),Thu Dec 19 2024 13:32:07 GMT+0000 (Coordinated Universal Time),https://cdn.prod.website-files.com/65ac805b2ac454468c44bf36/67596087bcd89d20242fc512_%D0%B3%D1%80%D0%B8%D0%B3%D0%BE%D1%80%D0%B5%D0%BD%D0%BA%D0%BE.webp,Директор по развитию Агентства недвижимости «Атом»,,atomstroykompleks,
Ольга Жукова,zhukova,65ac80f6db24d071134942fa,65ac805b2ac454468c44bf35,65f10e09975ac7218913849e,false,false,Wed Mar 13 2024 02:23:05 GMT+0000 (Coordinated Universal Time),Thu Mar 13 2025 09:56:31 GMT+0000 (Coordinated Universal Time),Thu Mar 13 2025 11:27:47 GMT+0000 (Coordinated Universal Time),https://cdn.prod.website-files.com/65ac805b2ac454468c44bf36/67d2ab672e45cabb71fec20c_olya.webp,Директор по развитию,,dvizh,https://cdn.prod.website-files.com/65ac805b2ac454468c44bf36/6628c240ed29430a8693eb49_og.webp
Ольга Коваленко,kovalenko,65ac80f6db24d071134942fa,65ac805b2ac454468c44bf35,66e822ca7dca07dfe0ff6094,false,false,Mon Sep 16 2024 12:21:30 GMT+0000 (Coordinated Universal Time),Mon Sep 16 2024 12:25:20 GMT+0000 (Coordinated Universal Time),Mon Sep 16 2024 14:09:45 GMT+0000 (Coordinated Universal Time),https://cdn.prod.website-files.com/65ac805b2ac454468c44bf36/66e822c51d19e681b35f3d84_IMG_2629%202.png,Руководитель департамента ипотечного кредитования,,sovkombank,
Ольга Колоскова,koloskova,65ac80f6db24d071134942fa,65ac805b2ac454468c44bf35,669e3605f035f65e0238cdcd,false,false,Mon Jul 22 2024 10:35:49 GMT+0000 (Coordinated Universal Time),Tue Apr 08 2025 03:50:52 GMT+0000 (Coordinated Universal Time),Tue Apr 08 2025 03:50:52 GMT+0000 (Coordinated Universal Time),https://cdn.prod.website-files.com/65ac805b2ac454468c44bf36/669e35fffe8e8e9d6da8e15f_%D0%BE%D0%BB%D1%8C%D0%B3%D0%B0%20%D0%BA%201.png,CEO,,one-moscow,
Ольга Макагон,makagon,65ac80f6db24d071134942fa,65ac805b2ac454468c44bf35,66d0812104f910244b590e23,false,false,Thu Aug 29 2024 14:09:37 GMT+0000 (Coordinated Universal Time),Fri Jan 24 2025 06:58:28 GMT+0000 (Coordinated Universal Time),Fri Jan 24 2025 06:58:28 GMT+0000 (Coordinated Universal Time),https://cdn.prod.website-files.com/65ac805b2ac454468c44bf36/66d0806741c8394e1fa4bc67_%D0%BC%D0%B0%D0%BA%D0%B0%D0%B3%D0%BE%D0%BD.jpg,"Руководитель Ипотечного центра, офиса-партнера",,ayaks,
Ольга Шихова,shihova,65ac80f6db24d071134942fa,65ac805b2ac454468c44bf35,66e2aa833d7793b092715e50,false,false,Thu Sep 12 2024 08:46:59 GMT+0000 (Coordinated Universal Time),Thu Sep 12 2024 08:46:59 GMT+0000 (Coordinated Universal Time),Thu Sep 12 2024 12:04:15 GMT+0000 (Coordinated Universal Time),https://cdn.prod.website-files.com/65ac805b2ac454468c44bf36/66e2aa4f7900141d53a82d2a_image%2085.png,Руководитель ипотечного отдела,,samolet,
Регина Сергеева,ramazanova,65ac80f6db24d071134942fa,65ac805b2ac454468c44bf35,65ba2f6a9a58552ea727017d,false,false,Wed Jan 31 2024 11:30:50 GMT+0000 (Coordinated Universal Time),Fri Apr 25 2025 14:42:23 GMT+0000 (Coordinated Universal Time),Fri Apr 25 2025 14:42:23 GMT+0000 (Coordinated Universal Time),https://cdn.prod.website-files.com/65ac805b2ac454468c44bf36/65ba2f1037e86d3dab0a1c78_Avatar-ramazanova.jpeg,Руководитель Центра ипотеки ГК «Страна Девелопмент»,,strana-development,https://cdn.prod.website-files.com/65ac805b2ac454468c44bf36/6628c240ed29430a8693eb49_og.webp
Роман Арапов,arapov,65ac80f6db24d071134942fa,65ac805b2ac454468c44bf35,66ec2e8e6629b4e15fee7fa7,false,false,Thu Sep 19 2024 14:00:46 GMT+0000 (Coordinated Universal Time),Tue Oct 01 2024 12:48:13 GMT+0000 (Coordinated Universal Time),Tue Oct 01 2024 12:50:46 GMT+0000 (Coordinated Universal Time),https://cdn.prod.website-files.com/65ac805b2ac454468c44bf36/66ec2e870de85d264158cad6_%D0%B0%D1%80%D0%B0%D0%BF%D0%BE%D0%B2.png,Руководитель студии брендинга DEVISION,,devision,
Роман Гуров,gurov,65ac80f6db24d071134942fa,65ac805b2ac454468c44bf35,65acaa2a523ec6982be1c52e,false,false,Sun Jan 21 2024 05:22:50 GMT+0000 (Coordinated Universal Time),Tue Nov 12 2024 12:37:21 GMT+0000 (Coordinated Universal Time),Tue Nov 12 2024 12:37:34 GMT+0000 (Coordinated Universal Time),https://cdn.prod.website-files.com/65ac805b2ac454468c44bf36/65ba2da05f6c42bd4e31b7a5_Avatar-roma.jpeg,СЕО,,dvizh,https://cdn.prod.website-files.com/65ac805b2ac454468c44bf36/6628c240ed29430a8693eb49_og.webp
Роман Семчишин,semchishin,65ac80f6db24d071134942fa,65ac805b2ac454468c44bf35,67dbd7daa4d411c71483f040,false,false,Thu Mar 20 2025 08:54:50 GMT+0000 (Coordinated Universal Time),Thu Mar 20 2025 08:54:50 GMT+0000 (Coordinated Universal Time),Thu Mar 20 2025 10:41:03 GMT+0000 (Coordinated Universal Time),https://cdn.prod.website-files.com/65ac805b2ac454468c44bf36/67dbd7ace0d75bc33c227c01_%D0%A1%D0%B5%D0%BC%D1%87%D0%B8%D1%88%D0%B8%D0%BD.webp,Вице-президент по продажам,,sminex,
Рустам Азизов,azizov,65ac80f6db24d071134942fa,65ac805b2ac454468c44bf35,66f28a14fcace4a0e0faccb9,false,false,Tue Sep 24 2024 09:44:52 GMT+0000 (Coordinated Universal Time),Tue Sep 24 2024 09:44:52 GMT+0000 (Coordinated Universal Time),Tue Sep 24 2024 13:34:38 GMT+0000 (Coordinated Universal Time),https://cdn.prod.website-files.com/65ac805b2ac454468c44bf36/66f289fb7ad4c7a38f72b7e3_%D0%B0%D0%B7%D0%B8%D0%B7%D0%BE%D0%B2.png,Директор по ипотечным продажам и внедрению финансовых инструментов ,,a101,
Сергей Балыбердин,sergey-balyberdin,65ac80f6db24d071134942fa,65ac805b2ac454468c44bf35,67b440d0b4fe29c6b1bea8bc,false,false,Tue Feb 18 2025 08:12:00 GMT+0000 (Coordinated Universal Time),Tue Feb 18 2025 08:12:58 GMT+0000 (Coordinated Universal Time),Tue Feb 18 2025 09:12:23 GMT+0000 (Coordinated Universal Time),https://cdn.prod.website-files.com/65ac805b2ac454468c44bf36/67b440cb5d2112aaa7408188_%D1%81%D0%B5%D1%80%D0%B3%D0%B5%D0%B9%20%D0%B1.webp,Методолог проекта ,,kiberispytanie,
Татьяна Абоимова,aboimova,65ac80f6db24d071134942fa,65ac805b2ac454468c44bf35,670cd0279b5f64d22a4de6eb,false,false,Mon Oct 14 2024 08:02:47 GMT+0000 (Coordinated Universal Time),Mon Oct 14 2024 08:02:47 GMT+0000 (Coordinated Universal Time),Mon Oct 14 2024 12:27:57 GMT+0000 (Coordinated Universal Time),https://cdn.prod.website-files.com/65ac805b2ac454468c44bf36/670cd010b92130b609d3fbd5_%D1%82%D0%B0%D1%82%D1%8C%D1%8F%D0%BD%D0%B0.webp,Ипотечный брокер,,dsk1,
Татьяна Гузеева,guzeeva,65ac80f6db24d071134942fa,65ac805b2ac454468c44bf35,68d2769c586ea11dde6b1c6c,false,false,Tue Sep 23 2025 10:29:48 GMT+0000 (Coordinated Universal Time),Tue Sep 23 2025 10:29:48 GMT+0000 (Coordinated Universal Time),Tue Sep 23 2025 10:29:48 GMT+0000 (Coordinated Universal Time),https://cdn.prod.website-files.com/65ac805b2ac454468c44bf36/68d27681381c6069c31486e6_%D0%B3%D1%83%D0%B7%D0%B5%D0%B5%D0%B2%D0%B0.webp,Коммерческий директор,,stroytek,
Юлия Леонова ,leonova,65ac80f6db24d071134942fa,65ac805b2ac454468c44bf35,68077e673ea187f1b21a5181,false,false,Tue Apr 22 2025 11:32:55 GMT+0000 (Coordinated Universal Time),Fri Apr 25 2025 14:40:38 GMT+0000 (Coordinated Universal Time),Mon May 05 2025 10:34:22 GMT+0000 (Coordinated Universal Time),https://cdn.prod.website-files.com/65ac805b2ac454468c44bf36/68077e2070605d511e6201a9_%D1%8E%D0%BB%D0%B8%D1%8F.webp,Директор по маркетингу,,october-group,
Юлия Мошкова,moshkova,65ac80f6db24d071134942fa,65ac805b2ac454468c44bf35,687dfa7d966f3f48b9120c1f,false,false,Mon Jul 21 2025 08:29:49 GMT+0000 (Coordinated Universal Time),Mon Jul 21 2025 08:29:49 GMT+0000 (Coordinated Universal Time),Mon Jul 21 2025 08:29:49 GMT+0000 (Coordinated Universal Time),https://cdn.prod.website-files.com/65ac805b2ac454468c44bf36/687dfa4291471b55a87ab9f3_%D1%8E%D0%BB%D0%B8%D1%8F%20(1).webp,Директор по ипотеке ,,peterburgskaya-nedvizhimost,
Юрий Павлюк,pavlyuk,65ac80f6db24d071134942fa,65ac805b2ac454468c44bf35,670cd354adfbed0a699b2ef4,false,false,Mon Oct 14 2024 08:16:20 GMT+0000 (Coordinated Universal Time),Mon Oct 14 2024 08:16:20 GMT+0000 (Coordinated Universal Time),Mon Oct 14 2024 12:27:57 GMT+0000 (Coordinated Universal Time),https://cdn.prod.website-files.com/65ac805b2ac454468c44bf36/670cd33eddcd0bf0889e148c_%D1%8E%D1%80%D0%B0%20(1).webp,Менеджер клиентского успеха,,dvizh,
Яна Борончук,boronchuk,65ac80f6db24d071134942fa,65ac805b2ac454468c44bf35,682dc9a2594a280ab9c2d930,false,false,Wed May 21 2025 12:40:02 GMT+0000 (Coordinated Universal Time),Wed May 21 2025 13:42:23 GMT+0000 (Coordinated Universal Time),Tue Jun 17 2025 11:36:10 GMT+0000 (Coordinated Universal Time),https://cdn.prod.website-files.com/65ac805b2ac454468c44bf36/682dc98574d99564e5b93535_yana.webp,Директор департамента продаж,,l1,
Яна Иванова,ivanova,65ac80f6db24d071134942fa,65ac805b2ac454468c44bf35,671a24abb2112f46b082b165,false,false,Thu Oct 24 2024 10:42:51 GMT+0000 (Coordinated Universal Time),Thu Oct 24 2024 10:46:42 GMT+0000 (Coordinated Universal Time),Tue Oct 29 2024 12:09:42 GMT+0000 (Coordinated Universal Time),https://cdn.prod.website-files.com/65ac805b2ac454468c44bf36/671a2482fe26d3a03bf6d86c_%D1%8F%D0%BD%D0%B0%20(1).webp,Собственник,,redhead,
